company_name,year_founded,company_age,industry,sector,business_category,headquarters_city,ownership,_source_table
The Hershey Company,,[],,,[],[],,company_social_urls
ITC,,[],,,[],[],,company_social_urls
Pgnig Group,,[],,,[],[],,company_social_urls
MTN Group,,[],,,[],[],,company_social_urls
Compass Group,,[],,,[],[],,company_social_urls
Apple,,[],,,[],[],,company_social_urls
Amazon,,[],,,[],[],,company_social_urls
China Construction Bank,,[],,,[],[],,company_social_urls
Agricultural Bank of China,,[],,,[],[],,company_social_urls
ICBC,,[],,,[],[],,company_social_urls
Aramco,,[],,,[],[],,company_social_urls
Berkshire Hathaway,,[],,,[],[],,company_social_urls
JPMorgan,,[],,,[],[],,company_social_urls
Bank of America,,[],,,[],[],,company_social_urls
Toyota Motor,,[],,,[],[],,company_social_urls
Alphabet,,[],,,[],[],,company_social_urls
Microsoft,,[],,,[],[],,company_social_urls
Bank of China,,[],,,[],[],,company_social_urls
Samsung Group,,[],,,[],[],,company_social_urls
ExxonMobil,,[],,,[],[],,company_social_urls
Shell,,[],,,[],[],,company_social_urls
Ping An Insurance Group,,[],,,[],[],,company_social_urls
Wells Fargo,,[],,,[],[],,company_social_urls
Verizon Communications,,[],,,[],[],,company_social_urls
AT&T,,[],,,[],[],,company_social_urls
PetroChina,,[],,,[],[],,company_social_urls
UnitedHealth Group,,[],,,[],[],,company_social_urls
Walmart,,[],,,[],[],,company_social_urls
China Merchants Bank,,[],,,[],[],,company_social_urls
Volkswagen Group,,[],,,[],[],,company_social_urls
Chevron,,[],,,[],[],,company_social_urls
Citigroup,,[],,,[],[],,company_social_urls
Tencent Holdings,,[],,,[],[],,company_social_urls
Total,,[],,,[],[],,company_social_urls
Postal Savings Bank Of China (PSBC),,[],,,[],[],,company_social_urls
China Mobile,,[],,,[],[],,company_social_urls
Comcast,,[],,,[],[],,company_social_urls
Alibaba Group,,[],,,[],[],,company_social_urls
Meta Platforms,,[],,,[],[],,company_social_urls
Allianz,,[],,,[],[],,company_social_urls
Morgan Stanley,,[],,,[],[],,company_social_urls
Goldman Sachs Group,,[],,,[],[],,company_social_urls
HSBC Holdings,,[],,,[],[],,company_social_urls
BNP Paribas,,[],,,[],[],,company_social_urls
Johnson & Johnson,,[],,,[],[],,company_social_urls
Mercedes-Benz Group,,[],,,[],[],,company_social_urls
CVS Health,,[],,,[],[],,company_social_urls
Softbank,,[],,,[],[],,company_social_urls
Sinopec,,[],,,[],[],,company_social_urls
RBC,,[],,,[],[],,company_social_urls
Nestlé,,[],,,[],[],,company_social_urls
AXA Group,,[],,,[],[],,company_social_urls
Gazprom,,[],,,[],[],,company_social_urls
BP,,[],,,[],[],,company_social_urls
Intel,,[],,,[],[],,company_social_urls
TD Bank Group,,[],,,[],[],,company_social_urls
Nippon Telegraph & Tel,,[],,,[],[],,company_social_urls
Reliance Industries,,[],,,[],[],,company_social_urls
Industrial Bank,,[],,,[],[],,company_social_urls
Sony,,[],,,[],[],,company_social_urls
Santander,,[],,,[],[],,company_social_urls
Mitsubishi UFJ Financial,,[],,,[],[],,company_social_urls
Taiwan Semiconductor,,[],,,[],[],,company_social_urls
Ford Motor,,[],,,[],[],,company_social_urls
LVMH Moët Hennessy Louis Vuitton,,[],,,[],[],,company_social_urls
Bank of Communications,,[],,,[],[],,company_social_urls
Procter & Gamble,,[],,,[],[],,company_social_urls
BMW Group,,[],,,[],[],,company_social_urls
Petrobras,,[],,,[],[],,company_social_urls
Deutsche Telekom,,[],,,[],[],,company_social_urls
AbbVie,,[],,,[],[],,company_social_urls
Novartis,,[],,,[],[],,company_social_urls
General Motors,,[],,,[],[],,company_social_urls
Equinor,,[],,,[],[],,company_social_urls
China Life Insurance,,[],,,[],[],,company_social_urls
Roche Holding,,[],,,[],[],,company_social_urls
AIA Group,,[],,,[],[],,company_social_urls
MetLife,,[],,,[],[],,company_social_urls
BHP Group,,[],,,[],[],,company_social_urls
American Express,,[],,,[],[],,company_social_urls
Stellantis,,[],,,[],[],,company_social_urls
Zurich Insurance Group,,[],,,[],[],,company_social_urls
Rosneft,,[],,,[],[],,company_social_urls
Rio Tinto,,[],,,[],[],,company_social_urls
Brookfield Asset Management,,[],,,[],[],,company_social_urls
Cigna,,[],,,[],[],,company_social_urls
Prudential Financial,,[],,,[],[],,company_social_urls
PepsiCo,,[],,,[],[],,company_social_urls
Merck & Co.,,[],,,[],[],,company_social_urls
Elevance Health,,[],,,[],[],,company_social_urls
Bank of Nova Scotia,,[],,,[],[],,company_social_urls
American International Group,,[],,,[],[],,company_social_urls
Glencore International,,[],,,[],[],,company_social_urls
Cisco Systems,,[],,,[],[],,company_social_urls
Anheuser-Busch InBev,,[],,,[],[],,company_social_urls
Walt Disney,,[],,,[],[],,company_social_urls
Chubb,,[],,,[],[],,company_social_urls
CITIC,,[],,,[],[],,company_social_urls
Lloyds Banking Group,,[],,,[],[],,company_social_urls
IBM,,[],,,[],[],,company_social_urls
Sanofi,,[],,,[],[],,company_social_urls
United Parcel Service,,[],,,[],[],,company_social_urls
British American Tobacco,,[],,,[],[],,company_social_urls
UBS,,[],,,[],[],,company_social_urls
Honda Motor,,[],,,[],[],,company_social_urls
Mitsubishi,,[],,,[],[],,company_social_urls
China State Construction Engineering,,[],,,[],[],,company_social_urls
State Bank of India,,[],,,[],[],,company_social_urls
Commonwealth Bank,,[],,,[],[],,company_social_urls
Shanghai Pudong Development,,[],,,[],[],,company_social_urls
Raytheon Technologies,,[],,,[],[],,company_social_urls
Enel,,[],,,[],[],,company_social_urls
Eni,,[],,,[],[],,company_social_urls
Capital One,,[],,,[],[],,company_social_urls
Bristol Myers Squibb,,[],,,[],[],,company_social_urls
Coca-Cola,,[],,,[],[],,company_social_urls
Oracle,,[],,,[],[],,company_social_urls
Sberbank,,[],,,[],[],,company_social_urls
Bank of Montreal,,[],,,[],[],,company_social_urls
Vale,,[],,,[],[],,company_social_urls
EDF,,[],,,[],[],,company_social_urls
Thermo Fisher Scientific,,[],,,[],[],,company_social_urls
Credit Agricole,,[],,,[],[],,company_social_urls
AIRBUS,,[],,,[],[],,company_social_urls
Costco Wholesale,,[],,,[],[],,company_social_urls
Hon Hai Precision,,[],,,[],[],,company_social_urls
Unilever,,[],,,[],[],,company_social_urls
Charter Communications,,[],,,[],[],,company_social_urls
Sumitomo Mitsui Financial,,[],,,[],[],,company_social_urls
ConocoPhillips,,[],,,[],[],,company_social_urls
GlaxoSmithKline,,[],,,[],[],,company_social_urls
Intesa Sanpaolo,,[],,,[],[],,company_social_urls
Manulife,,[],,,[],[],,company_social_urls
US Bancorp,,[],,,[],[],,company_social_urls
BASF,,[],,,[],[],,company_social_urls
CNOOC,,[],,,[],[],,company_social_urls
Abbott Laboratories,,[],,,[],[],,company_social_urls
Iberdrola,,[],,,[],[],,company_social_urls
China Shenhua Energy,,[],,,[],[],,company_social_urls
Itaú Unibanco Holding,,[],,,[],[],,company_social_urls
Caterpillar,,[],,,[],[],,company_social_urls
Mitsui,,[],,,[],[],,company_social_urls
Itochu,,[],,,[],[],,company_social_urls
Charles Schwab,,[],,,[],[],,company_social_urls
Truist Financial,,[],,,[],[],,company_social_urls
Enbridge,,[],,,[],[],,company_social_urls
Hitachi,,[],,,[],[],,company_social_urls
KDDI,,[],,,[],[],,company_social_urls
Hyundai Motor,,[],,,[],[],,company_social_urls
China Citic Bank,,[],,,[],[],,company_social_urls
Visa,,[],,,[],[],,company_social_urls
Target,,[],,,[],[],,company_social_urls
BBVA-Banco Bilbao Vizcaya,,[],,,[],[],,company_social_urls
tesla,,[],,,[],[],,company_social_urls
Deere & Company,,[],,,[],[],,company_social_urls
HDFC Bank,,[],,,[],[],,company_social_urls
Barclays,,[],,,[],[],,company_social_urls
Munich Re,,[],,,[],[],,company_social_urls
Japan Post Holdings,,[],,,[],[],,company_social_urls
Walgreens,,[],,,[],[],,company_social_urls
Danaher,,[],,,[],[],,company_social_urls
Generali Group,,[],,,[],[],,company_social_urls
Møller-Maersk,,[],,,[],[],,company_social_urls
Lowe's,,[],,,[],[],,company_social_urls
FedEx,,[],,,[],[],,company_social_urls
Deutsche Post,,[],,,[],[],,company_social_urls
PNC Financial Services,,[],,,[],[],,company_social_urls
Broadcom,,[],,,[],[],,company_social_urls
LukOil,,[],,,[],[],,company_social_urls
Medtronic,,[],,,[],[],,company_social_urls
SAP,,[],,,[],[],,company_social_urls
SK Hynix,,[],,,[],[],,company_social_urls
ENGIE,,[],,,[],[],,company_social_urls
Lockheed Martin,,[],,,[],[],,company_social_urls
BlackRock,,[],,,[],[],,company_social_urls
Westpac Banking Group,,[],,,[],[],,company_social_urls
Duke Energy,,[],,,[],[],,company_social_urls
Dell Technologies,,[],,,[],[],,company_social_urls
VINCI,,[],,,[],[],,company_social_urls
Tokio Marine Holdings,,[],,,[],[],,company_social_urls
América Móvil,,[],,,[],[],,company_social_urls
E.ON,,[],,,[],[],,company_social_urls
Anglo American,,[],,,[],[],,company_social_urls
Banco Bradesco,,[],,,[],[],,company_social_urls
ING Group,,[],,,[],[],,company_social_urls
Accenture,,[],,,[],[],,company_social_urls
Honeywell International,,[],,,[],[],,company_social_urls
Mizuho Financial,,[],,,[],[],,company_social_urls
Linde,,[],,,[],[],,company_social_urls
ArcelorMittal,,[],,,[],[],,company_social_urls
Canadian Imperial Bank,,[],,,[],[],,company_social_urls
Poly Developments & Holdings Group,,[],,,[],[],,company_social_urls
Micron Technology,,[],,,[],[],,company_social_urls
ANZ,,[],,,[],[],,company_social_urls
Fubon Financial,,[],,,[],[],,company_social_urls
China Telecom,,[],,,[],[],,company_social_urls
HCA Healthcare,,[],,,[],[],,company_social_urls
Dow,,[],,,[],[],,company_social_urls
Telefónica,,[],,,[],[],,company_social_urls
China Vanke,,[],,,[],[],,company_social_urls
NAB - National Australia Bank,,[],,,[],[],,company_social_urls
Cathay Financial,,[],,,[],[],,company_social_urls
Qualcomm,,[],,,[],[],,company_social_urls
L'Oréal,,[],,,[],[],,company_social_urls
Allstate,,[],,,[],[],,company_social_urls
SAIC Motor,,[],,,[],[],,company_social_urls
ICICI Bank,,[],,,[],[],,company_social_urls
China Everbright Bank,,[],,,[],[],,company_social_urls
Gilead Sciences,,[],,,[],[],,company_social_urls
China Pacific Insurance,,[],,,[],[],,company_social_urls
NVIDIA,,[],,,[],[],,company_social_urls
Amgen,,[],,,[],[],,company_social_urls
Union Pacific,,[],,,[],[],,company_social_urls
Dai-ichi Life Insurance,,[],,,[],[],,company_social_urls
Nike,,[],,,[],[],,company_social_urls
Takeda Pharmaceutical,,[],,,[],[],,company_social_urls
Philip Morris International,,[],,,[],[],,company_social_urls
PayPal,,[],,,[],[],,company_social_urls
China Resources Land,,[],,,[],[],,company_social_urls
Oversea-Chinese Banking,,[],,,[],[],,company_social_urls
Midea Group,,[],,,[],[],,company_social_urls
Travelers,,[],,,[],[],,company_social_urls
Eli Lilly,,[],,,[],[],,company_social_urls
Mondelez International,,[],,,[],[],,company_social_urls
McDonald's,,[],,,[],[],,company_social_urls
General Electric,,[],,,[],[],,company_social_urls
Société Générale,,[],,,[],[],,company_social_urls
Schneider Electric,,[],,,[],[],,company_social_urls
3M,,[],,,[],[],,company_social_urls
Aflac,,[],,,[],[],,company_social_urls
Oil & Natural Gas,,[],,,[],[],,company_social_urls
Southern Company,,[],,,[],[],,company_social_urls
Deutsche Bank,,[],,,[],[],,company_social_urls
PTT,,[],,,[],[],,company_social_urls
CK Hutchison,,[],,,[],[],,company_social_urls
Canadian Natural Resources,,[],,,[],[],,company_social_urls
Sun Life Financial,,[],,,[],[],,company_social_urls
Northrop Grumman,,[],,,[],[],,company_social_urls
Archer Daniels Midland,,[],,,[],[],,company_social_urls
Marathon Petroleum,,[],,,[],[],,company_social_urls
China Minsheng Bank,,[],,,[],[],,company_social_urls
Legal & General Group,,[],,,[],[],,company_social_urls
Netflix,,[],,,[],[],,company_social_urls
Progressive,,[],,,[],[],,company_social_urls
Longfor Group Holdings,,[],,,[],[],,company_social_urls
DBS,,[],,,[],[],,company_social_urls
Cosco Shipping,,[],,,[],[],,company_social_urls
China Communications Construction,,[],,,[],[],,company_social_urls
NatWest Group,,[],,,[],[],,company_social_urls
Exelon,,[],,,[],[],,company_social_urls
Humana,,[],,,[],[],,company_social_urls
General Dynamics,,[],,,[],[],,company_social_urls
Power Corp of Canada,,[],,,[],[],,company_social_urls
Qatar National Bank,,[],,,[],[],,company_social_urls
Bayer,,[],,,[],[],,company_social_urls
KKR,,[],,,[],[],,company_social_urls
Country Garden Holdings,,[],,,[],[],,company_social_urls
NextEra Energy,,[],,,[],[],,company_social_urls
KB Financial Group,,[],,,[],[],,company_social_urls
China Railway Group,,[],,,[],[],,company_social_urls
HP,,[],,,[],[],,company_social_urls
Nordea Bank,,[],,,[],[],,company_social_urls
Seven & I Holdings,,[],,,[],[],,company_social_urls
Suncor Energy,,[],,,[],[],,company_social_urls
Salesforce.com,,[],,,[],[],,company_social_urls
Air Liquide,,[],,,[],[],,company_social_urls
Denso,,[],,,[],[],,company_social_urls
Bank of New York Mellon,,[],,,[],[],,company_social_urls
Mastercard,,[],,,[],[],,company_social_urls
Banco do Brasil,,[],,,[],[],,company_social_urls
Centene,,[],,,[],[],,company_social_urls
HDFC,,[],,,[],[],,company_social_urls
Freeport-McMoRan,,[],,,[],[],,company_social_urls
"Merck KGaA, Darmstadt, Germany and its affiliates",,[],,,[],[],,company_social_urls
CaixaBank,,[],,,[],[],,company_social_urls
ABB,,[],,,[],[],,company_social_urls
Volvo Group,,[],,,[],[],,company_social_urls
Occidental Petroleum,,[],,,[],[],,company_social_urls
National Grid,,[],,,[],[],,company_social_urls
McKesson,,[],,,[],[],,company_social_urls
Shinhan Financial Group,,[],,,[],[],,company_social_urls
ASML Holding,,[],,,[],[],,company_social_urls
Nutrien,,[],,,[],[],,company_social_urls
Investor AB,,[],,,[],[],,company_social_urls
KIA,,[],,,[],[],,company_social_urls
Saint-Gobain,,[],,,[],[],,company_social_urls
Novo Nordisk,,[],,,[],[],,company_social_urls
Posco,,[],,,[],[],,company_social_urls
Diageo,,[],,,[],[],,company_social_urls
Royal Ahold Delhaize N.V.,,[],,,[],[],,company_social_urls
PICC,,[],,,[],[],,company_social_urls
Dominion Energy,,[],,,[],[],,company_social_urls
Kroger,,[],,,[],[],,company_social_urls
Baoshan Iron & Steel,,[],,,[],[],,company_social_urls
Kweichow Moutai,,[],,,[],[],,company_social_urls
Xiaomi,,[],,,[],[],,company_social_urls
Bank of Ningbo,,[],,,[],[],,company_social_urls
Ecopetrol,,[],,,[],[],,company_social_urls
LyondellBasell Industries,,[],,,[],[],,company_social_urls
Contemporary Amperex Technology,,[],,,[],[],,company_social_urls
UniCredit,,[],,,[],[],,company_social_urls
AmerisourceBergen,,[],,,[],[],,company_social_urls
EssilorLuxottica,,[],,,[],[],,company_social_urls
Inditex,,[],,,[],[],,company_social_urls
Starbucks,,[],,,[],[],,company_social_urls
Nucor,,[],,,[],[],,company_social_urls
IntercontinentalExchange,,[],,,[],[],,company_social_urls
TJX Cos,,[],,,[],[],,company_social_urls
KBC Group,,[],,,[],[],,company_social_urls
Tesco,,[],,,[],[],,company_social_urls
BOE Technology Group,,[],,,[],[],,company_social_urls
Blackstone,,[],,,[],[],,company_social_urls
American Electric,,[],,,[],[],,company_social_urls
Macquarie Group,,[],,,[],[],,company_social_urls
Marubeni,,[],,,[],[],,company_social_urls
Swiss Re,,[],,,[],[],,company_social_urls
EOG Resources,,[],,,[],[],,company_social_urls
CNP Assurances,,[],,,[],[],,company_social_urls
Automatic Data Processing,,[],,,[],[],,company_social_urls
Phillips 66,,[],,,[],[],,company_social_urls
Tyson Foods,,[],,,[],[],,company_social_urls
Repsol,,[],,,[],[],,company_social_urls
Sumitomo,,[],,,[],[],,company_social_urls
Holcim,,[],,,[],[],,company_social_urls
Altria Group,,[],,,[],[],,company_social_urls
Applied Materials,,[],,,[],[],,company_social_urls
Daimler Truck Holding,,[],,,[],[],,company_social_urls
Zijin Mining Group,,[],,,[],[],,company_social_urls
The Saudi National Bank,,[],,,[],[],,company_social_urls
Richemont,,[],,,[],[],,company_social_urls
Kering,,[],,,[],[],,company_social_urls
Saudi Electricity,,[],,,[],[],,company_social_urls
Danone,,[],,,[],[],,company_social_urls
Nippon Steel,,[],,,[],[],,company_social_urls
LG Chem,,[],,,[],[],,company_social_urls
Discover Financial Services,,[],,,[],[],,company_social_urls
Couche Tard,,[],,,[],[],,company_social_urls
Huaxia Bank,,[],,,[],[],,company_social_urls
NN Group,,[],,,[],[],,company_social_urls
Fannie Mae,,[],,,[],[],,company_social_urls
Fresenius,,[],,,[],[],,company_social_urls
Marsh & McLennan,,[],,,[],[],,company_social_urls
Ameriprise Financial,,[],,,[],[],,company_social_urls
Becton Dickinson,,[],,,[],[],,company_social_urls
Panasonic,,[],,,[],[],,company_social_urls
MS&AD Insurance,,[],,,[],[],,company_social_urls
Orix,,[],,,[],[],,company_social_urls
Citic Securities,,[],,,[],[],,company_social_urls
First Abu Dhabi Bank,,[],,,[],[],,company_social_urls
BCE,,[],,,[],[],,company_social_urls
Schlumberger,,[],,,[],[],,company_social_urls
Texas Instruments,,[],,,[],[],,company_social_urls
Bank Rakyat Indonesia (BRI),,[],,,[],[],,company_social_urls
Standard Chartered,,[],,,[],[],,company_social_urls
CRH,,[],,,[],[],,company_social_urls
Bank of Beijing,,[],,,[],[],,company_social_urls
Paramount,,[],,,[],[],,company_social_urls
Bank Of Jiangsu,,[],,,[],[],,company_social_urls
DuPont de Nemours,,[],,,[],[],,company_social_urls
Gree Electric Appliances,,[],,,[],[],,company_social_urls
Indian Oil,,[],,,[],[],,company_social_urls
Dollar General,,[],,,[],[],,company_social_urls
Kraft Heinz Company,,[],,,[],[],,company_social_urls
Wilmar International,,[],,,[],[],,company_social_urls
Freddie Mac,,[],,,[],[],,company_social_urls
Hewlett Packard Enterprise,,[],,,[],[],,company_social_urls
Japan Tobacco,,[],,,[],[],,company_social_urls
Poste Italiane,,[],,,[],[],,company_social_urls
United Overseas Bank,,[],,,[],[],,company_social_urls
China Unicom,,[],,,[],[],,company_social_urls
Valero Energy,,[],,,[],[],,company_social_urls
CSX,,[],,,[],[],,company_social_urls
Danske Bank,,[],,,[],[],,company_social_urls
Fortescue Metals Group,,[],,,[],[],,company_social_urls
China Railway Construction,,[],,,[],[],,company_social_urls
Moderna,,[],,,[],[],,company_social_urls
Woolworths,,[],,,[],[],,company_social_urls
Anhui Conch Cement,,[],,,[],[],,company_social_urls
Adobe,,[],,,[],[],,company_social_urls
Hartford Financial Services,,[],,,[],[],,company_social_urls
State Street,,[],,,[],[],,company_social_urls
Al Rajhi Bank,,[],,,[],[],,company_social_urls
Power Construction Corporation of China,,[],,,[],[],,company_social_urls
Shin-Etsu Chemical,,[],,,[],[],,company_social_urls
Fiserv,,[],,,[],[],,company_social_urls
Regeneron Pharmaceuticals,,[],,,[],[],,company_social_urls
ENEOS Holdings,,[],,,[],[],,company_social_urls
Tata Consultancy Services,,[],,,[],[],,company_social_urls
Sompo,,[],,,[],[],,company_social_urls
OMV Group,,[],,,[],[],,company_social_urls
Swiss Life Holding,,[],,,[],[],,company_social_urls
Bank Of Shanghai,,[],,,[],[],,company_social_urls
American Tower,,[],,,[],[],,company_social_urls
Pioneer Natural Resources,,[],,,[],[],,company_social_urls
Sun Hung Kai Properties,,[],,,[],[],,company_social_urls
Wanhua Chemical Group,,[],,,[],[],,company_social_urls
Sampo,,[],,,[],[],,company_social_urls
China Merchants Shekou Industrial Zone Holdings,,[],,,[],[],,company_social_urls
Haier Smart Home,,[],,,[],[],,company_social_urls
Eaton,,[],,,[],[],,company_social_urls
SK,,[],,,[],[],,company_social_urls
Johnson Controls International,,[],,,[],[],,company_social_urls
JBS,,[],,,[],[],,company_social_urls
Saudi Telecom,,[],,,[],[],,company_social_urls
Jardine Matheson,,[],,,[],[],,company_social_urls
Canadian National Railway,,[],,,[],[],,company_social_urls
Stryker,,[],,,[],[],,company_social_urls
Nokia,,[],,,[],[],,company_social_urls
Mitsubishi Electric,,[],,,[],[],,company_social_urls
Nissan Motor,,[],,,[],[],,company_social_urls
Tata Steel,,[],,,[],[],,company_social_urls
Heineken,,[],,,[],[],,company_social_urls
BAE Systems,,[],,,[],[],,company_social_urls
Etisalat,,[],,,[],[],,company_social_urls
BT Group,,[],,,[],[],,company_social_urls
CTBC Financial,,[],,,[],[],,company_social_urls
Novatek,,[],,,[],[],,company_social_urls
Greenland Holdings Group,,[],,,[],[],,company_social_urls
RWE Group,,[],,,[],[],,company_social_urls
Daikin Industries,,[],,,[],[],,company_social_urls
Aegon,,[],,,[],[],,company_social_urls
Baidu,,[],,,[],[],,company_social_urls
Ericsson,,[],,,[],[],,company_social_urls
Canon,,[],,,[],[],,company_social_urls
Lennar,,[],,,[],[],,company_social_urls
Bank of Nanjing,,[],,,[],[],,company_social_urls
Philips,,[],,,[],[],,company_social_urls
Keurig Dr Pepper,,[],,,[],[],,company_social_urls
China Yangtze Power,,[],,,[],[],,company_social_urls
DNB Bank,,[],,,[],[],,company_social_urls
Emerson Electric,,[],,,[],[],,company_social_urls
Imperial Brands,,[],,,[],[],,company_social_urls
Boeing,,[],,,[],[],,company_social_urls
General Mills,,[],,,[],[],,company_social_urls
Axis Bank,,[],,,[],[],,company_social_urls
National Bank of Canada,,[],,,[],[],,company_social_urls
The Estée Lauder Companies,,[],,,[],[],,company_social_urls
CNH Industrial,,[],,,[],[],,company_social_urls
Fairfax Financial,,[],,,[],[],,company_social_urls
Adidas,,[],,,[],[],,company_social_urls
Michelin Group,,[],,,[],[],,company_social_urls
Norfolk Southern,,[],,,[],[],,company_social_urls
Principal Financial Group,,[],,,[],[],,company_social_urls
Sempra,,[],,,[],[],,company_social_urls
Fortum,,[],,,[],[],,company_social_urls
Grupo Mexico,,[],,,[],[],,company_social_urls
D.R. Horton,,[],,,[],[],,company_social_urls
L3Harris Technologies,,[],,,[],[],,company_social_urls
Naspers,,[],,,[],[],,company_social_urls
Standard Bank Group,,[],,,[],[],,company_social_urls
TC Energy,,[],,,[],[],,company_social_urls
Norilsk Nickel,,[],,,[],[],,company_social_urls
Naturgy Energy Group,,[],,,[],[],,company_social_urls
Henkel,,[],,,[],[],,company_social_urls
MediaTek,,[],,,[],[],,company_social_urls
Recruit Holdings,,[],,,[],[],,company_social_urls
Hengli Petrochemical,,[],,,[],[],,company_social_urls
Xcel Energy,,[],,,[],[],,company_social_urls
Corteva,,[],,,[],[],,company_social_urls
Synchrony Financial,,[],,,[],[],,company_social_urls
Toyota Tsusho,,[],,,[],[],,company_social_urls
Toyota Industries,,[],,,[],[],,company_social_urls
AstraZeneca,,[],,,[],[],,company_social_urls
Sunac China Holdings,,[],,,[],[],,company_social_urls
China Evergrande Group,,[],,,[],[],,company_social_urls
Bridgestone,,[],,,[],[],,company_social_urls
Emirates NBD,,[],,,[],[],,company_social_urls
Daiwa House Industry,,[],,,[],[],,company_social_urls
JD.com,,[],,,[],[],,company_social_urls
Kinder Morgan,,[],,,[],[],,company_social_urls
China National Building,,[],,,[],[],,company_social_urls
FirstRand,,[],,,[],[],,company_social_urls
Carrefour,,[],,,[],[],,company_social_urls
Fujitsu,,[],,,[],[],,company_social_urls
SEB AB,,[],,,[],[],,company_social_urls
Surgutneftegas,,[],,,[],[],,company_social_urls
New China Life Insurance,,[],,,[],[],,company_social_urls
Barrick Gold,,[],,,[],[],,company_social_urls
DSV Panalpina,,[],,,[],[],,company_social_urls
Talanx,,[],,,[],[],,company_social_urls
Vodafone,,[],,,[],[],,company_social_urls
Nintendo,,[],,,[],[],,company_social_urls
Hana Financial Group,,[],,,[],[],,company_social_urls
Hyundai Mobis,,[],,,[],[],,company_social_urls
NTPC,,[],,,[],[],,company_social_urls
Maybank,,[],,,[],[],,company_social_urls
CME Group,,[],,,[],[],,company_social_urls
TAQA,,[],,,[],[],,company_social_urls
Pernod Ricard,,[],,,[],[],,company_social_urls
Bank Mandiri,,[],,,[],[],,company_social_urls
Femsa,,[],,,[],[],,company_social_urls
Paccar,,[],,,[],[],,company_social_urls
Consolidated Edison,,[],,,[],[],,company_social_urls
Mitsui Fudosan,,[],,,[],[],,company_social_urls
Evergreen Marine Corp. (Taiwan),,[],,,[],[],,company_social_urls
Komatsu,,[],,,[],[],,company_social_urls
Shaanxi Coal Industry,,[],,,[],[],,company_social_urls
Lenovo Group,,[],,,[],[],,company_social_urls
Fast Retailing,,[],,,[],[],,company_social_urls
London Stock Exchange,,[],,,[],[],,company_social_urls
Vonovia,,[],,,[],[],,company_social_urls
Aviva,,[],,,[],[],,company_social_urls
Sherwin-Williams,,[],,,[],[],,company_social_urls
Fujifilm Holdings,,[],,,[],[],,company_social_urls
Intuit,,[],,,[],[],,company_social_urls
Lam Research,,[],,,[],[],,company_social_urls
Erste Group Bank,,[],,,[],[],,company_social_urls
Lincoln National,,[],,,[],[],,company_social_urls
Carrier Global,,[],,,[],[],,company_social_urls
DISH Network,,[],,,[],[],,company_social_urls
China Coal Energy,,[],,,[],[],,company_social_urls
Continental,,[],,,[],[],,company_social_urls
VTB Bank,,[],,,[],[],,company_social_urls
Murata Manufacturing,,[],,,[],[],,company_social_urls
Larsen & Toubro,,[],,,[],[],,company_social_urls
Ally Financial,,[],,,[],[],,company_social_urls
NetEase,,[],,,[],[],,company_social_urls
Bank Central Asia,,[],,,[],[],,company_social_urls
Volvo Car,,[],,,[],[],,company_social_urls
Intact Financial,,[],,,[],[],,company_social_urls
Orsted,,[],,,[],[],,company_social_urls
Cummins,,[],,,[],[],,company_social_urls
Williams,,[],,,[],[],,company_social_urls
Capgemini,,[],,,[],[],,company_social_urls
Prologis,,[],,,[],[],,company_social_urls
Thales,,[],,,[],[],,company_social_urls
Bouygues,,[],,,[],[],,company_social_urls
Banorte,,[],,,[],[],,company_social_urls
CK Asset Holdings,,[],,,[],[],,company_social_urls
Orange,,[],,,[],[],,company_social_urls
Kuehne & Nagel International,,[],,,[],[],,company_social_urls
Bunge,,[],,,[],[],,company_social_urls
Samsung Life Insurance,,[],,,[],[],,company_social_urls
VMware,,[],,,[],[],,company_social_urls
Albertsons,,[],,,[],[],,company_social_urls
CRRC,,[],,,[],[],,company_social_urls
CBRE Group,,[],,,[],[],,company_social_urls
Toshiba,,[],,,[],[],,company_social_urls
Samsung C&T,,[],,,[],[],,company_social_urls
Infosys,,[],,,[],[],,company_social_urls
Prudential,,[],,,[],[],,company_social_urls
Yankuang Energy Group,,[],,,[],[],,company_social_urls
Canadian Pacific Railway,,[],,,[],[],,company_social_urls
Loews,,[],,,[],[],,company_social_urls
Tokyo Electron,,[],,,[],[],,company_social_urls
LG Electronics,,[],,,[],[],,company_social_urls
CSL,,[],,,[],[],,company_social_urls
Magna International,,[],,,[],[],,company_social_urls
Analog Devices,,[],,,[],[],,company_social_urls
Kubota,,[],,,[],[],,company_social_urls
Air Products & Chemicals,,[],,,[],[],,company_social_urls
Newmont Mining,,[],,,[],[],,company_social_urls
TE Connectivity,,[],,,[],[],,company_social_urls
Aon,,[],,,[],[],,company_social_urls
TELUS,,[],,,[],[],,company_social_urls
Dollar Tree,,[],,,[],[],,company_social_urls
KeyCorp,,[],,,[],[],,company_social_urls
WTW,,[],,,[],[],,company_social_urls
China Zheshang Bank,,[],,,[],[],,company_social_urls
Wesfarmers,,[],,,[],[],,company_social_urls
Suzuki Motor,,[],,,[],[],,company_social_urls
Best Buy,,[],,,[],[],,company_social_urls
SVB Financial Group,,[],,,[],[],,company_social_urls
Advanced Micro Devices,,[],,,[],[],,company_social_urls
Markel,,[],,,[],[],,company_social_urls
Muyuan Foodstuff,,[],,,[],[],,company_social_urls
Kimberly-Clark,,[],,,[],[],,company_social_urls
Swedbank,,[],,,[],[],,company_social_urls
Cognizant,,[],,,[],[],,company_social_urls
Corning,,[],,,[],[],,company_social_urls
Infineon Technologies,,[],,,[],[],,company_social_urls
Citizens Financial Group,,[],,,[],[],,company_social_urls
Devon Energy,,[],,,[],[],,company_social_urls
Asahi Group Holdings,,[],,,[],[],,company_social_urls
JSW Steel,,[],,,[],[],,company_social_urls
Lumen Technologies,,[],,,[],[],,company_social_urls
Regions Financial,,[],,,[],[],,company_social_urls
Svenska Handelsbanken,,[],,,[],[],,company_social_urls
Raymond James Financial,,[],,,[],[],,company_social_urls
BYD,,[],,,[],[],,company_social_urls
Illinois Tool Works,,[],,,[],[],,company_social_urls
Pinduoduo,,[],,,[],[],,company_social_urls
Activision Blizzard,,[],,,[],[],,company_social_urls
Liberty Global,,[],,,[],[],,company_social_urls
Colgate-Palmolive,,[],,,[],[],,company_social_urls
SSE,,[],,,[],[],,company_social_urls
Nan Ya Plastics,,[],,,[],[],,company_social_urls
Vivendi,,[],,,[],[],,company_social_urls
Baxter International,,[],,,[],[],,company_social_urls
Fosun International,,[],,,[],[],,company_social_urls
Weichai Power,,[],,,[],[],,company_social_urls
Fidelity National Financial,,[],,,[],[],,company_social_urls
Parker-Hannifin,,[],,,[],[],,company_social_urls
Vedanta Limited,,[],,,[],[],,company_social_urls
Woori Financial Group,,[],,,[],[],,company_social_urls
Sysco,,[],,,[],[],,company_social_urls
Telstra,,[],,,[],[],,company_social_urls
Credit Suisse Group,,[],,,[],[],,company_social_urls
Rogers Communications,,[],,,[],[],,company_social_urls
M&T Bank,,[],,,[],[],,company_social_urls
Boston Scientific,,[],,,[],[],,company_social_urls
Edison International,,[],,,[],[],,company_social_urls
Financiere de l'Odet,,[],,,[],[],,company_social_urls
Sumitomo Mitsui Trust,,[],,,[],[],,company_social_urls
Entergy,,[],,,[],[],,company_social_urls
Swisscom,,[],,,[],[],,company_social_urls
EnBW-Energie Baden,,[],,,[],[],,company_social_urls
Hikvision,,[],,,[],[],,company_social_urls
Nippon Yusen,,[],,,[],[],,company_social_urls
Stanley Black & Decker,,[],,,[],[],,company_social_urls
Oneok,,[],,,[],[],,company_social_urls
Marriott International,,[],,,[],[],,company_social_urls
Warner Bros. Discovery,,[],,,[],[],,company_social_urls
S.F. Holding,,[],,,[],[],,company_social_urls
Delta Air Lines,,[],,,[],[],,company_social_urls
Bharat Petroleum,,[],,,[],[],,company_social_urls
Halliburton,,[],,,[],[],,company_social_urls
Metallurgical Corp of China,,[],,,[],[],,company_social_urls
Northern Trust,,[],,,[],[],,company_social_urls
HeidelbergCement,,[],,,[],[],,company_social_urls
China Steel,,[],,,[],[],,company_social_urls
Eversource Energy,,[],,,[],[],,company_social_urls
Sany Heavy Industry,,[],,,[],[],,company_social_urls
Hermès International,,[],,,[],[],,company_social_urls
International Paper,,[],,,[],[],,company_social_urls
Koç Holding,,[],,,[],[],,company_social_urls
Nidec,,[],,,[],[],,company_social_urls
Meituan,,[],,,[],[],,company_social_urls
Kotak Mahindra Bank,,[],,,[],[],,company_social_urls
Teck Resources,,[],,,[],[],,company_social_urls
Southwest Airlines,,[],,,[],[],,company_social_urls
Deutsche Boerse,,[],,,[],[],,company_social_urls
Labcorp,,[],,,[],[],,company_social_urls
China Tower Corp.,,[],,,[],[],,company_social_urls
Inpex,,[],,,[],[],,company_social_urls
Coca-Cola European Partners,,[],,,[],[],,company_social_urls
Wuliangye Yibin,,[],,,[],[],,company_social_urls
Shimao Property Holdings,,[],,,[],[],,company_social_urls
Idemitsu Kosan,,[],,,[],[],,company_social_urls
Formosa Petrochemical,,[],,,[],[],,company_social_urls
Crown Castle International,,[],,,[],[],,company_social_urls
FirstEnergy,,[],,,[],[],,company_social_urls
Rongsheng Petrochemical,,[],,,[],[],,company_social_urls
Hindalco Industries,,[],,,[],[],,company_social_urls
Bank Of Hangzhou,,[],,,[],[],,company_social_urls
Renault,,[],,,[],[],,company_social_urls
International Holding Company,,[],,,[],[],,company_social_urls
Cincinnati Financial,,[],,,[],[],,company_social_urls
Mitsubishi Estate,,[],,,[],[],,company_social_urls
Cleveland-Cliffs,,[],,,[],[],,company_social_urls
Grupo ACS,,[],,,[],[],,company_social_urls
CGN Power,,[],,,[],[],,company_social_urls
ASE Technology Holding,,[],,,[],[],,company_social_urls
JFE Holdings,,[],,,[],[],,company_social_urls
DTE Energy,,[],,,[],[],,company_social_urls
China Hongqiao Group,,[],,,[],[],,company_social_urls
NXP Semiconductors,,[],,,[],[],,company_social_urls
Western Digital,,[],,,[],[],,company_social_urls
Booking Holdings,,[],,,[],[],,company_social_urls
Aeon,,[],,,[],[],,company_social_urls
First Republic Bank,,[],,,[],[],,company_social_urls
Lufax Holding,,[],,,[],[],,company_social_urls
Atlas Copco,,[],,,[],[],,company_social_urls
Fidelity National Information (FIS),,[],,,[],[],,company_social_urls
Mitsubishi Chemical,,[],,,[],[],,company_social_urls
Edp-energias De Portugal,,[],,,[],[],,company_social_urls
Kyocera,,[],,,[],[],,company_social_urls
Xiamen C&D,,[],,,[],[],,company_social_urls
AutoZone,,[],,,[],[],,company_social_urls
China Taiping Insurance,,[],,,[],[],,company_social_urls
Cenovus Energy,,[],,,[],[],,company_social_urls
Neste,,[],,,[],[],,company_social_urls
Porsche Automobil Holding,,[],,,[],[],,company_social_urls
H&M - Hennes & Mauritz,,[],,,[],[],,company_social_urls
RELX,,[],,,[],[],,company_social_urls
PG&E,,[],,,[],[],,company_social_urls
Republic Services,,[],,,[],[],,company_social_urls
Ross Stores,,[],,,[],[],,company_social_urls
WEC Energy Group,,[],,,[],[],,company_social_urls
Cardinal Health,,[],,,[],[],,company_social_urls
CarMax,,[],,,[],[],,company_social_urls
China Development Financial,,[],,,[],[],,company_social_urls
Riyad Bank,,[],,,[],[],,company_social_urls
Thomson Reuters,,[],,,[],[],,company_social_urls
Transneft,,[],,,[],[],,company_social_urls
Ferguson,,[],,,[],[],,company_social_urls
IQVIA,,[],,,[],[],,company_social_urls
Hong Kong Exchanges,,[],,,[],[],,company_social_urls
PPG,,[],,,[],[],,company_social_urls
Legend Holding,,[],,,[],[],,company_social_urls
Ecolab,,[],,,[],[],,company_social_urls
Sinopharm Group,,[],,,[],[],,company_social_urls
Luxshare Precision Industry,,[],,,[],[],,company_social_urls
Seazen Group,,[],,,[],[],,company_social_urls
Global Payments,,[],,,[],[],,company_social_urls
China Energy Engineering,,[],,,[],[],,company_social_urls
Safran,,[],,,[],[],,company_social_urls
S&P Global,,[],,,[],[],,company_social_urls
Huntington Bank,,[],,,[],[],,company_social_urls
Arch Capital Group,,[],,,[],[],,company_social_urls
Jackson Financial,,[],,,[],[],,company_social_urls
Bank Leumi,,[],,,[],[],,company_social_urls
Trane Technologies,,[],,,[],[],,company_social_urls
Veolia Environnement,,[],,,[],[],,company_social_urls
O'Reilly Automotive,,[],,,[],[],,company_social_urls
Biogen,,[],,,[],[],,company_social_urls
Publicis Groupe,,[],,,[],[],,company_social_urls
Hanwha,,[],,,[],[],,company_social_urls
The Mosaic Company,,[],,,[],[],,company_social_urls
Bharti Airtel,,[],,,[],[],,company_social_urls
Daqin Railway,,[],,,[],[],,company_social_urls
Uber,,[],,,[],[],,company_social_urls
STMicroelectronics,,[],,,[],[],,company_social_urls
Gemdale,,[],,,[],[],,company_social_urls
Ageas,,[],,,[],[],,company_social_urls
Quanta Computer,,[],,,[],[],,company_social_urls
George Weston,,[],,,[],[],,company_social_urls
Weyerhaeuser,,[],,,[],[],,company_social_urls
Korea Electric Power,,[],,,[],[],,company_social_urls
Fox,,[],,,[],[],,company_social_urls
Mitsubishi Heavy Industries,,[],,,[],[],,company_social_urls
Steel Dynamics,,[],,,[],[],,company_social_urls
Keyence,,[],,,[],[],,company_social_urls
Longi Green Energy Technology,,[],,,[],[],,company_social_urls
Reckitt Benckiser Group,,[],,,[],[],,company_social_urls
Coal India,,[],,,[],[],,company_social_urls
Aisin Seiki,,[],,,[],[],,company_social_urls
Digital Realty Trust,,[],,,[],[],,company_social_urls
Tata Motors,,[],,,[],[],,company_social_urls
Resona Holdings,,[],,,[],[],,company_social_urls
Simon Property Group,,[],,,[],[],,company_social_urls
Industrial Bank of Korea,,[],,,[],[],,company_social_urls
CLP Holdings,,[],,,[],[],,company_social_urls
National Bank of Kuwait,,[],,,[],[],,company_social_urls
SingTel,,[],,,[],[],,company_social_urls
Coinbase,,[],,,[],[],,company_social_urls
CenterPoint Energy,,[],,,[],[],,company_social_urls
Saudi Arabian Mining,,[],,,[],[],,company_social_urls
China Cinda Asset Management,,[],,,[],[],,company_social_urls
Asahi Kasei,,[],,,[],[],,company_social_urls
NEC,,[],,,[],[],,company_social_urls
United Airlines Holdings,,[],,,[],[],,company_social_urls
MGM Resorts,,[],,,[],[],,company_social_urls
DSM,,[],,,[],[],,company_social_urls
Telkom Indonesia,,[],,,[],[],,company_social_urls
PKN Orlen,,[],,,[],[],,company_social_urls
Guotai Junan Securities,,[],,,[],[],,company_social_urls
Norsk Hydro,,[],,,[],[],,company_social_urls
Formosa Plastics,,[],,,[],[],,company_social_urls
NRG Energy,,[],,,[],[],,company_social_urls
Public Bank,,[],,,[],[],,company_social_urls
TCL,,[],,,[],[],,company_social_urls
Huatai Securities,,[],,,[],[],,company_social_urls
Kellogg,,[],,,[],[],,company_social_urls
Inner Mongolia Yili,,[],,,[],[],,company_social_urls
WPP,,[],,,[],[],,company_social_urls
Omnicom Group,,[],,,[],[],,company_social_urls
Sekisui House,,[],,,[],[],,company_social_urls
Cheniere Energy,,[],,,[],[],,company_social_urls
Sandvik,,[],,,[],[],,company_social_urls
Siam Cement,,[],,,[],[],,company_social_urls
East Japan Railway,,[],,,[],[],,company_social_urls
Abu Dhabi Commercial Bank,,[],,,[],[],,company_social_urls
Huishang Bank,,[],,,[],[],,company_social_urls
Great Wall Motor,,[],,,[],[],,company_social_urls
Haitong Securities,,[],,,[],[],,company_social_urls
Dongfeng Motor Group,,[],,,[],[],,company_social_urls
China Reinsurance Group,,[],,,[],[],,company_social_urls
Henderson Land,,[],,,[],[],,company_social_urls
Samsung SDI,,[],,,[],[],,company_social_urls
Fortis (Canada),,[],,,[],[],,company_social_urls
SK Telecom,,[],,,[],[],,company_social_urls
HAL Trust,,[],,,[],[],,company_social_urls
Banco Btg Pactual,,[],,,[],[],,company_social_urls
Baker Hughes Company,,[],,,[],[],,company_social_urls
Gallagher,,[],,,[],[],,company_social_urls
Everest Re Group,,[],,,[],[],,company_social_urls
Amphenol,,[],,,[],[],,company_social_urls
American Airlines Group,,[],,,[],[],,company_social_urls
KLA,,[],,,[],[],,company_social_urls
Astellas Pharma,,[],,,[],[],,company_social_urls
Otsuka Holding,,[],,,[],[],,company_social_urls
China Bohai Bank,,[],,,[],[],,company_social_urls
Kasikornbank,,[],,,[],[],,company_social_urls
Bank Hapoalim,,[],,,[],[],,company_social_urls
Woodside Petroleum,,[],,,[],[],,company_social_urls
MTR,,[],,,[],[],,company_social_urls
Tatneft,,[],,,[],[],,company_social_urls
Power Finance,,[],,,[],[],,company_social_urls
Zoetis,,[],,,[],[],,company_social_urls
Lonza Group,,[],,,[],[],,company_social_urls
Eiffage,,[],,,[],[],,company_social_urls
Sumitomo Chemical,,[],,,[],[],,company_social_urls
Vertex Pharmaceuticals,,[],,,[],[],,company_social_urls
Constellation Energy,,[],,,[],[],,company_social_urls
CIFI Holdings Group,,[],,,[],[],,company_social_urls
Raiffeisen Bank International,,[],,,[],[],,company_social_urls
Whirlpool,,[],,,[],[],,company_social_urls
Siemens Energy,,[],,,[],[],,company_social_urls
WestRock,,[],,,[],[],,company_social_urls
Samsung Fire & Marine,,[],,,[],[],,company_social_urls
US Steel,,[],,,[],[],,company_social_urls
UPM-Kymmene,,[],,,[],[],,company_social_urls
Formosa Chemicals,,[],,,[],[],,company_social_urls
SK Innovation,,[],,,[],[],,company_social_urls
Telia,,[],,,[],[],,company_social_urls
T&D Holdings,,[],,,[],[],,company_social_urls
Mapfre,,[],,,[],[],,company_social_urls
HCL Technologies,,[],,,[],[],,company_social_urls
Sumitomo Realty,,[],,,[],[],,company_social_urls
Westlake Chemical,,[],,,[],[],,company_social_urls
Apollo Global Management,,[],,,[],[],,company_social_urls
United Rentals,,[],,,[],[],,company_social_urls
Diamondback Energy,,[],,,[],[],,company_social_urls
Otis Worldwide,,[],,,[],[],,company_social_urls
Chongqing Rural Bank,,[],,,[],[],,company_social_urls
Ball,,[],,,[],[],,company_social_urls
Stora Enso,,[],,,[],[],,company_social_urls
Yang Ming Marine Transport,,[],,,[],[],,company_social_urls
Phoenix Group Holdings,,[],,,[],[],,company_social_urls
Wipro,,[],,,[],[],,company_social_urls
Power Grid of India,,[],,,[],[],,company_social_urls
Absa Group,,[],,,[],[],,company_social_urls
Novolipetsk Steel,,[],,,[],[],,company_social_urls
Sumitomo Electric,,[],,,[],[],,company_social_urls
St. James's Place,,[],,,[],[],,company_social_urls
Grasim Industries,,[],,,[],[],,company_social_urls
Segro,,[],,,[],[],,company_social_urls
Mega Financial Holding,,[],,,[],[],,company_social_urls
Zhongsheng Group Holdings,,[],,,[],[],,company_social_urls
Shin Kong Financial,,[],,,[],[],,company_social_urls
CMS Energy,,[],,,[],[],,company_social_urls
Quinenco,,[],,,[],[],,company_social_urls
Evonik Industries,,[],,,[],[],,company_social_urls
East Money Information,,[],,,[],[],,company_social_urls
QBE Insurance Group,,[],,,[],[],,company_social_urls
Tenaga Nasional,,[],,,[],[],,company_social_urls
Naver,,[],,,[],[],,company_social_urls
TDK,,[],,,[],[],,company_social_urls
Nomura,,[],,,[],[],,company_social_urls
Jinke Property Group,,[],,,[],[],,company_social_urls
Tokyo Electric Power,,[],,,[],[],,company_social_urls
CDW,,[],,,[],[],,company_social_urls
The Hershey Company,,[],,,[],[],,company_social_urls
ITC,,[],,,[],[],,company_social_urls
Pgnig Group,,[],,,[],[],,company_social_urls
MTN Group,,[],,,[],[],,company_social_urls
Compass Group,,[],,,[],[],,company_social_urls
